School Year,Entity Name,District Code,Other Entity Name,CRD District Code,Grade,Number of Nonresident Students Enrolled
2025-26,AGBU Alex-Marie Manoogian School,63901,Waterford School District,33330,All Grades K-12,8
2025-26,AGBU Alex-Marie Manoogian School,63901,Brighton Area Schools,47010,All Grades K-12,1
2025-26,AGBU Alex-Marie Manoogian School,63901,Detroit Public Schools Community District,82010,All Grades K-12,4
2025-26,AGBU Alex-Marie Manoogian School,63901,"Hamtramck, School District of the City of",82060,All Grades K-12,55
2025-26,AGBU Alex-Marie Manoogian School,63901,Madison District Public Schools,50040,All Grades K-12,8
2025-26,AGBU Alex-Marie Manoogian School,63901,Lamphere Public Schools,50020,All Grades K-12,2
2025-26,AGBU Alex-Marie Manoogian School,63901,Warren Woods Public Schools,82340,All Grades K-12,8
2025-26,AGBU Alex-Marie Manoogian School,63901,Roseville Community Schools,50080,All Grades K-12,4
2025-26,AGBU Alex-Marie Manoogian School,63901,Walled Lake Consolidated Schools,63290,All Grades K-12,8
2025-26,AGBU Alex-Marie Manoogian School,63901,Warren Consolidated Schools,82090,All Grades K-12,81
2025-26,AGBU Alex-Marie Manoogian School,63901,Bloomfield Hills Schools,63010,All Grades K-12,7
2025-26,AGBU Alex-Marie Manoogian School,63901,Chippewa Valley Schools,50140,All Grades K-12,3
2025-26,AGBU Alex-Marie Manoogian School,63901,Farmington Public School District,63020,All Grades K-12,37
2025-26,AGBU Alex-Marie Manoogian School,63901,Fitzgerald Public Schools,63070,All Grades K-12,2
2025-26,AGBU Alex-Marie Manoogian School,63901,Novi Community School District,63050,All Grades K-12,12
2025-26,AGBU Alex-Marie Manoogian School,63901,South Lyon Community Schools,82170,All Grades K-12,2
2025-26,AGBU Alex-Marie Manoogian School,63901,Livonia Public Schools School District,82240,All Grades K-12,6
2025-26,AGBU Alex-Marie Manoogian School,63901,"Oak Park, School District of the City of",63240,All Grades K-12,18
2025-26,AGBU Alex-Marie Manoogian School,63901,Southfield Public School District,74230,All Grades K-12,76
2025-26,AGBU Alex-Marie Manoogian School,63901,Center Line Public Schools,82020,All Grades K-12,5
2025-26,AGBU Alex-Marie Manoogian School,63901,Birmingham Public Schools,63030,All Grades K-12,4
2025-26,AGBU Alex-Marie Manoogian School,63901,Troy School District,63040,All Grades K-12,8
2025-26,AGBU Alex-Marie Manoogian School,63901,Northville Public Schools,63100,All Grades K-12,4
2025-26,AGBU Alex-Marie Manoogian School,63901,Royal Oak Schools,63220,All Grades K-12,2
2025-26,AGBU Alex-Marie Manoogian School,63901,Utica Community Schools,50210,All Grades K-12,7
2025-26,AGBU Alex-Marie Manoogian School,63901,Plymouth-Canton Community Schools,82100,All Grades K-12,1
2025-26,AGBU Alex-Marie Manoogian School,63901,West Bloomfield School District,63160,All Grades K-12,45
